Unnamed: 0,symbol,date,high,low,open,volume,adjClose,adjHigh,adjLow,adjOpen,adjVolume,divCash,splitFactor
191,AAPL,2016-02-29 00:00:00+00:00,98.23,96.65,96.86,35216277,90.3733181812,91.8127111897,90.3359313498,90.5322122146,35216277,0.0,1.0
546,AAPL,2017-07-26 00:00:00+00:00,153.93,153.06,153.35,15172136,147.0685422956,147.518967259,146.6852019013,146.96312368719998,15172136,0.0,1.0
515,AAPL,2017-06-12 00:00:00+00:00,146.09,142.51,145.74,71563614,139.363400369,140.00549552959998,136.5745990001,139.6700726845,71563614,0.0,1.0
658,AAPL,2018-01-04 00:00:00+00:00,173.47,172.08,172.54,22211345,167.0965929362,167.5215048063,166.1791695802,166.62339562620002,22211345,0.0,1.0
1031,AAPL,2019-07-01 00:00:00+00:00,204.49,200.65,203.17,27316739,199.1794995233,202.0849211487,198.2900847401,200.7804461332,27316739,0.0,1.0
828,AAPL,2018-09-07 00:00:00+00:00,225.37,220.71,221.85,37619810,216.1604246172,220.1359010212,215.584127055,216.6976511583,37619810,0.0,1.0
1054,AAPL,2019-08-02 00:00:00+00:00,206.43,201.63,205.53,40862122,201.6204489841,204.002104126,199.2585586152,203.1126893428,40862122,0.0,1.0
480,AAPL,2017-04-21 00:00:00+00:00,142.68,141.85,142.44,17320928,135.78891424399998,136.1802367634,135.3880472728,135.9511699228,17320928,0.0,1.0
959,AAPL,2019-03-19 00:00:00+00:00,188.99,185.92,188.35,31646369,183.6191111322,186.0407216687,183.0186304707,185.4107091714,31646369,0.0,1.0
1183,AAPL,2020-02-06 00:00:00+00:00,325.22,320.2648,322.57,26356385,323.5738686059,323.5838182959,318.6535479054,320.947150445,26356385,0.0,1.0
283,AAPL,2016-07-11 00:00:00+00:00,97.65,96.73,96.75,23794945,91.1985049743,91.828562701,90.9634088077,90.982216501,23794945,0.0,1.0
1080,AAPL,2019-09-10 00:00:00+00:00,216.78,211.71,213.86,31777931,214.9717365186,215.0510984887,210.0215336333,212.1543865799,31777931,0.0,1.0
797,AAPL,2018-07-25 00:00:00+00:00,194.85,192.43,193.0602,16826483,189.6283786971,189.6575792482,187.3020681279,187.9154743709,16826483,0.0,1.0
1250,AAPL,2020-05-13 00:00:00+00:00,315.95,303.21,312.15,50155639,307.65,315.95,303.21,312.15,50155639,0.0,1.0
225,AAPL,2016-04-18 00:00:00+00:00,108.95,106.94,108.89,60821461,100.458415949,101.8323820027,99.9536937252,101.7763017556,60821461,0.0,1.0
26,AAPL,2015-07-02 00:00:00+00:00,126.69,125.77,126.43,27210952,116.5174188669,116.7477997173,115.899998188,116.5082036329,27210952,0.0,1.0
282,AAPL,2016-07-08 00:00:00+00:00,96.89,96.05,96.49,28912103,90.9163895743,91.1138703543,90.3239472343,90.7377164877,28912103,0.0,1.0
1204,AAPL,2020-03-09 00:00:00+00:00,278.09,263.0,263.75,71686208,265.4680884387,277.3566544461,262.306447982,263.0544701721,71686208,0.0,1.0
437,AAPL,2017-02-17 00:00:00+00:00,135.83,135.1,135.1,22198197,129.5372983847,129.6422873533,128.9455423797,128.9455423797,22198197,0.0,1.0
1222,AAPL,2020-04-02 00:00:00+00:00,245.15,236.9,240.34,41483493,244.2841000161,244.5035198585,236.2752757678,239.7062042129,41483493,0.0,1.0
364,AAPL,2016-11-02 00:00:00+00:00,112.35,111.23,111.4,28331709,105.5025045448,106.2210447675,105.1621433867,105.3228694891,28331709,0.0,1.0
229,AAPL,2016-04-22 00:00:00+00:00,106.48,104.62,105.01,33683121,98.7760085364,99.5237451642,97.7852575045,98.1497791106,33683121,0.0,1.0
37,AAPL,2015-07-20 00:00:00+00:00,132.97,130.7,130.97,58900203,121.7055956165,122.5349666777,120.4431085567,120.691919875,58900203,0.0,1.0
669,AAPL,2018-01-22 00:00:00+00:00,177.78,176.6016,177.3,26023683,170.93045685549998,171.6837097162,170.54571847120002,171.2201694942,26023683,0.0,1.0
749,AAPL,2018-05-16 00:00:00+00:00,188.46,186.0,186.07,19183064,183.165323392,183.4378618687,181.0434166803,181.1115512995,19183064,0.0,1.0
469,AAPL,2017-04-05 00:00:00+00:00,145.46,143.81,144.22,27717854,137.4591932903,138.8335943342,137.2587598048,137.6500823242,27717854,0.0,1.0
1075,AAPL,2019-09-03 00:00:00+00:00,206.98,204.22,206.43,20059574,204.0594656293,205.329257151,202.59126918240003,204.7836436065,20059574,0.0,1.0
1236,AAPL,2020-04-23 00:00:00+00:00,281.75,274.87,275.87,31203582,274.3047239106,281.0070027336,274.1451458434,275.1425087635,31203582,0.0,1.0
687,AAPL,2018-02-15 00:00:00+00:00,173.09,169.0,169.79,50609595,167.7308532595,167.8278131146,163.8621550428,164.6281378978,50609595,0.0,1.0
639,AAPL,2017-12-06 00:00:00+00:00,170.2047,166.46,167.5,28224357,163.21444357709998,164.3681758754,160.7518861478,161.75622329540002,28224357,0.0,1.0
1089,AAPL,2019-09-23 00:00:00+00:00,219.84,217.65,218.95,19419648,216.9756262637,218.0866938451,215.9141599135,217.2037919277,19419648,0.0,1.0
1115,AAPL,2019-10-29 00:00:00+00:00,249.75,242.57,248.97,35709867,241.3496713318,247.7581504177,240.6354136009,246.9843712092,35709867,0.0,1.0
1140,AAPL,2019-12-04 00:00:00+00:00,263.31,260.68,261.07,16810388,260.42318615330004,261.9852874839,259.36851901290004,259.7565569231,16810388,0.0,1.0
800,AAPL,2018-07-30 00:00:00+00:00,192.2,189.07,191.9,21029535,184.8492218374,187.0781972363,184.0316064073,186.7861917256,21029535,0.0,1.0
160,AAPL,2016-01-13 00:00:00+00:00,101.19,97.3,100.32,62439631,90.5402077303,94.0729399346,90.4565377571,93.2641301931,62439631,0.0,1.0
956,AAPL,2019-03-14 00:00:00+00:00,184.1,182.56,183.9,23579508,180.8628064564,181.2270324314,179.7110648597,181.030153526,23579508,0.0,1.0
821,AAPL,2018-08-28 00:00:00+00:00,220.54,218.92,219.01,22776766,214.5975837705,215.418075215,213.8356988577,213.9236086553,22776766,0.0,1.0
1068,AAPL,2019-08-22 00:00:00+00:00,214.435,210.75,213.19,22267819,210.7655521031,212.72480074,209.0691899921,211.4897300803,22267819,0.0,1.0
877,AAPL,2018-11-15 00:00:00+00:00,191.97,186.9,188.39,46478801,187.6192357383,188.1681452624,183.1985536779,184.6590450903,46478801,0.0,1.0
913,AAPL,2019-01-10 00:00:00+00:00,153.97,150.86,152.5,35780670,150.7540800196,150.920713268,147.8723050179,149.47982576709998,35780670,0.0,1.0
152,AAPL,2015-12-31 00:00:00+00:00,107.03,104.82,107.01,40912316,97.8566820587,99.5021915328,97.4476288561,99.4835982054,40912316,0.0,1.0
1149,AAPL,2019-12-17 00:00:00+00:00,281.77,278.8,279.57,28575798,278.99925739,280.3524152304,277.3973572994,278.1634834297,28575798,0.0,1.0
509,AAPL,2017-06-02 00:00:00+00:00,155.45,152.89,153.58,27285861,148.9756607576,148.9756607576,146.5222822337,147.1835444139,27285861,0.0,1.0
1055,AAPL,2019-08-05 00:00:00+00:00,198.649,192.58,197.99,52392969,191.0660602225,196.3126192052,190.3149988499,195.6613699361,52392969,0.0,1.0
103,AAPL,2015-10-21 00:00:00+00:00,115.58,113.7,114.0,42326974,105.3059921153,106.9907398794,105.2504509802,105.5281566556,42326974,0.0,1.0
586,AAPL,2017-09-21 00:00:00+00:00,155.8,152.75,155.8,36643382,147.5977165366,149.9167105835,146.9818840926,149.9167105835,36643382,0.0,1.0
1112,AAPL,2019-10-24 00:00:00+00:00,244.8,241.805,244.51,17916255,241.6373584734,242.8476285175,239.8765147617,242.5599413759,17916255,0.0,1.0
53,AAPL,2015-08-11 00:00:00+00:00,118.18,113.33,117.81,97082814,105.0560570074,109.3975223997,104.9079473139,109.0550187333,97082814,0.0,1.0
151,AAPL,2015-12-30 00:00:00+00:00,108.7,107.18,108.58,25213777,99.7717947799,101.0547343699,99.6416414882,100.9431744056,25213777,0.0,1.0
403,AAPL,2016-12-29 00:00:00+00:00,117.1095,116.4,116.45,15039519,110.9348670667,111.2955265549,110.6212501205,110.6687678396,15039519,0.0,1.0
207,AAPL,2016-03-22 00:00:00+00:00,107.29,105.21,105.25,32444375,99.7480661526,100.2808284999,98.3367132676,98.3741000989,32444375,0.0,1.0
1189,AAPL,2020-02-14 00:00:00+00:00,325.98,322.85,324.73,20028447,324.0930808812,325.1203646889,321.998618749,323.87366103880004,20028447,0.0,1.0
8,AAPL,2015-06-08 00:00:00+00:00,129.21,126.83,128.9,52674786,117.7706906928,119.0700386887,116.8768129934,118.7843664342,52674786,0.0,1.0
1014,AAPL,2019-06-06 00:00:00+00:00,185.47,182.1489,183.08,22526311,183.0415624,183.288622062,180.00658268779998,180.926731693,22526311,0.0,1.0
452,AAPL,2017-03-13 00:00:00+00:00,139.43,138.82,138.85,17421717,132.85876757399998,133.078289963,132.4960784097,132.5247117648,17421717,0.0,1.0
253,AAPL,2016-05-26 00:00:00+00:00,100.73,98.64,99.68,56331159,94.424024381,94.7249474744,92.759543521,93.7375435744,56331159,0.0,1.0
896,AAPL,2018-12-14 00:00:00+00:00,169.08,165.28,169.0,40703710,162.20276438,165.7314684637,162.0067252642,165.6530528173,40703710,0.0,1.0
1100,AAPL,2019-10-08 00:00:00+00:00,228.06,224.33,225.82,29282700,222.610326141,226.2411362733,222.5408844172,224.0190011104,29282700,0.0,1.0
880,AAPL,2018-11-20 00:00:00+00:00,181.47,175.51,178.37,67825247,173.47501353619998,177.876091685,172.03412603529998,174.8374853907,67825247,0.0,1.0
1187,AAPL,2020-02-12 00:00:00+00:00,327.22,321.47,321.47,28432573,326.3371474514,326.3570947098,320.6222579193,320.6222579193,28432573,0.0,1.0
623,AAPL,2017-11-13 00:00:00+00:00,174.5,173.4,173.5,16828025,168.0043592042,168.516184866,167.45390519059998,167.5504760702,16828025,0.0,1.0
345,AAPL,2016-10-06 00:00:00+00:00,114.34,113.13,113.7,28779313,107.6770341662,108.1024856139,106.9584939435,107.4973991105,28779313,0.0,1.0
1081,AAPL,2019-09-11 00:00:00+00:00,223.71,217.73,218.07,44289646,221.8067861937,221.9258291489,215.9935218836,216.3308102566,44289646,0.0,1.0
262,AAPL,2016-06-09 00:00:00+00:00,99.99,98.46,98.5,26601354,93.7093320344,94.029062821,92.590274281,92.6278896677,26601354,0.0,1.0
150,AAPL,2015-12-29 00:00:00+00:00,109.43,106.86,106.96,30931243,101.0919210247,101.7333908197,99.3441482499,99.4371148869,30931243,0.0,1.0
472,AAPL,2017-04-10 00:00:00+00:00,143.8792,142.9,143.6,18933397,136.64791489639998,137.3248074105,136.3902147007,137.0583263192,18933397,0.0,1.0
640,AAPL,2017-12-07 00:00:00+00:00,170.44,168.91,169.03,24469613,163.5138133038,164.5954071551,163.1178726975,163.233757753,24469613,0.0,1.0
1246,AAPL,2020-05-07 00:00:00+00:00,305.17,301.97,303.22,28803764,302.9390133462,304.3652423219,301.1736809776,302.4203846278,28803764,0.0,1.0
1237,AAPL,2020-04-24 00:00:00+00:00,283.01,277.0,277.2,31627183,282.2237854961,282.2636800129,276.2695288632,276.4690014472,31627183,0.0,1.0
550,AAPL,2017-08-01 00:00:00+00:00,150.22,148.41,149.1,24725526,143.8005654337,143.9634851013,142.2288698168,142.8901319971,24725526,0.0,1.0
928,AAPL,2019-02-01 00:00:00+00:00,168.98,165.93,166.96,32668138,163.2221677819,165.6334489058,162.6438523904,163.6534538366,32668138,0.0,1.0
488,AAPL,2017-05-03 00:00:00+00:00,147.49,144.27,145.59,45142806,140.3607066052,140.771118028,137.6978045827,138.95767220620002,45142806,0.0,1.0
1133,AAPL,2019-11-22 00:00:00+00:00,263.18,260.84,262.59,16331263,260.46298491330003,261.8559415138,259.527714053,261.2689098036,16331263,0.0,1.0
146,AAPL,2015-12-22 00:00:00+00:00,107.72,106.451,107.4,32789367,99.6881248067,100.1436613277,98.9639147048,99.8461680895,32789367,0.0,1.0
402,AAPL,2016-12-28 00:00:00+00:00,118.0166,116.2,117.52,20905892,110.9633776982,112.1575930152,110.431179244,111.6856470289,20905892,0.0,1.0
954,AAPL,2019-03-12 00:00:00+00:00,182.67,179.37,180.0,32467584,178.0868138901,179.8193482577,176.57084631840002,177.1910148705,32467584,0.0,1.0
1179,AAPL,2020-01-31 00:00:00+00:00,322.68,308.29,320.93,49897096,307.9528553003,321.056597035,306.73899311990004,319.3154012844,49897096,0.0,1.0
659,AAPL,2018-01-05 00:00:00+00:00,175.37,173.05,173.44,23016177,168.9990392639,169.3563515183,167.1159071121,167.4925335424,23016177,0.0,1.0
463,AAPL,2017-03-28 00:00:00+00:00,144.04,140.62,140.91,33374805,137.2492153531,137.4782821937,134.2140797145,134.4908688136,33374805,0.0,1.0
186,AAPL,2016-02-22 00:00:00+00:00,96.9,95.92,96.31,34280758,90.5509056303,90.569599046,89.6536216769,90.01814328290001,34280758,0.0,1.0
608,AAPL,2017-10-23 00:00:00+00:00,157.69,155.5,156.89,21654461,150.2727387152,151.7353407696,149.62803912540002,150.9655502147,21654461,0.0,1.0
143,AAPL,2015-12-17 00:00:00+00:00,112.25,108.98,112.02,44772827,101.3150409534,104.3550499818,101.3150409534,104.1412267168,44772827,0.0,1.0
751,AAPL,2018-05-18 00:00:00+00:00,187.8102,186.13,187.19,18297728,181.3451557081,182.8053779323,181.1699524017,182.2017052064,18297728,0.0,1.0
981,AAPL,2019-04-18 00:00:00+00:00,204.15,202.52,203.12,24195766,200.6786682861,200.9641426989,199.3595796198,199.9502163361,24195766,0.0,1.0
197,AAPL,2016-03-08 00:00:00+00:00,101.76,100.4,100.78,31182194,94.4297893871,95.11209906,93.8409467927,94.1961216909,31182194,0.0,1.0
883,AAPL,2018-11-26 00:00:00+00:00,174.95,170.26,174.24,44998520,171.16175197020002,171.4852165112,166.8880992466,170.7892776503,44998520,0.0,1.0
279,AAPL,2016-07-05 00:00:00+00:00,95.4,94.46,95.39,27705210,89.32713948770001,89.712697201,88.8287356143,89.7032933543,27705210,0.0,1.0
293,AAPL,2016-07-25 00:00:00+00:00,98.84,96.92,98.25,40382921,91.5370434543,92.9476204544,91.1420818943,92.392793501,40382921,0.0,1.0
1141,AAPL,2019-12-05 00:00:00+00:00,265.89,262.73,263.79,18661343,264.24386711470004,264.5523075048,261.4082054637,262.46287260400004,18661343,0.0,1.0
400,AAPL,2016-12-23 00:00:00+00:00,116.52,115.59,115.59,14249484,110.7352926464,110.7352926464,109.8514630707,109.8514630707,14249484,0.0,1.0
122,AAPL,2015-11-17 00:00:00+00:00,115.05,113.32,114.92,27583101,105.6937695539,106.9581158165,105.3497929972,106.8372591885,27583101,0.0,1.0
202,AAPL,2016-03-15 00:00:00+00:00,105.18,103.85,103.96,40067734,97.7478706731,98.308673144,97.0655610002,97.1683747866,40067734,0.0,1.0
835,AAPL,2018-09-18 00:00:00+00:00,221.85,217.12,217.79,31571712,213.1714914978,216.6976511583,212.0775029051,212.7319425096,31571712,0.0,1.0
246,AAPL,2016-05-17 00:00:00+00:00,94.7,93.01,94.55,46916939,87.9165624876,89.05442793430001,87.4651778476,88.9133702343,46916939,0.0,1.0
1194,AAPL,2020-02-24 00:00:00+00:00,304.18,289.23,297.26,55548828,297.3936755105,303.377853031,288.4672773758,296.4761016241,55548828,0.0,1.0
1182,AAPL,2020-02-05 00:00:00+00:00,324.76,318.95,323.52,29706718,319.8327851646,323.12613255580004,317.3453626637,321.8923709953,29706718,0.0,1.0
384,AAPL,2016-12-01 00:00:00+00:00,110.94,109.03,110.365,37086862,104.0543013376,105.4323151922,103.6171383216,104.8858614223,37086862,0.0,1.0
854,AAPL,2018-10-15 00:00:00+00:00,221.83,217.27,221.16,30791007,212.3119290321,216.6781156477,212.2240192344,216.0236760431,30791007,0.0,1.0
219,AAPL,2016-04-08 00:00:00+00:00,109.77,108.17,108.91,23581740,101.5613274751,102.5988120462,101.1033387905,101.7949951713,23581740,0.0,1.0
641,AAPL,2017-12-08 00:00:00+00:00,171.0,168.82,170.49,23096872,163.56209874360002,165.1362040807,163.0309589059,164.6436925949,23096872,0.0,1.0
1,AAPL,2015-05-28 00:00:00+00:00,131.95,131.1,131.86,30733309,121.4383538301,121.5950128084,120.8117179172,121.5120757022,30733309,0.0,1.0
112,AAPL,2015-11-03 00:00:00+00:00,123.49,120.7,120.79,45518976,113.4612821165,114.3129128544,111.7302500731,111.8135617757,45518976,0.0,1.0
698,AAPL,2018-03-05 00:00:00+00:00,177.74,174.52,175.21,28401366,171.4444157081,172.33644637470002,169.21433904190002,169.8833620418,28401366,0.0,1.0
951,AAPL,2019-03-07 00:00:00+00:00,174.44,172.02,173.87,24796374,169.8080559175,171.7177813,169.3355465445,171.1566764196,24796374,0.0,1.0
1131,AAPL,2019-11-20 00:00:00+00:00,266.083,260.4,265.54,26609919,261.8658912038,264.7443365219,259.0899276928,264.2040683547,26609919,0.0,1.0
441,AAPL,2017-02-24 00:00:00+00:00,136.66,135.28,135.91,21776585,130.4344768439,130.4344768439,129.11734251020002,129.7186429669,21776585,0.0,1.0
663,AAPL,2018-01-11 00:00:00+00:00,175.4886,174.49,174.59,17523256,169.2694377267,169.4708845815,168.506527778,168.6030986576,17523256,0.0,1.0
1148,AAPL,2019-12-16 00:00:00+00:00,280.79,276.98,277.0,32081105,278.4520244398,279.3773456101,275.5865137187,275.6064130987,32081105,0.0,1.0
317,AAPL,2016-08-26 00:00:00+00:00,107.95,106.31,107.41,27766291,101.1061729189,102.061075057,100.5105408922,101.5505333198,27766291,0.0,1.0
648,AAPL,2017-12-19 00:00:00+00:00,175.39,174.09,175.03,27078872,168.55481321780002,169.3756656942,168.1202442597,169.0280105278,27078872,0.0,1.0
709,AAPL,2018-03-20 00:00:00+00:00,176.8,174.94,175.24,19314039,169.9124499983,171.4250237371,169.6215704331,169.9124499983,19314039,0.0,1.0
972,AAPL,2019-04-05 00:00:00+00:00,197.1,195.93,196.45,18526644,193.9257218305,194.0241612832,192.8724196865,193.3843048406,18526644,0.0,1.0
627,AAPL,2017-11-17 00:00:00+00:00,171.39,169.64,171.04,21665811,164.3153516043,165.51283051110002,163.8228401184,165.1748324325,21665811,0.0,1.0
632,AAPL,2017-11-27 00:00:00+00:00,175.08,173.34,175.05,20536313,168.1202442597,169.0762959675,167.39596266290002,169.0473247037,20536313,0.0,1.0
1226,AAPL,2020-04-08 00:00:00+00:00,267.37,261.23,262.74,42223821,265.3683521466,266.6649239428,260.5411156134,262.0471336228,42223821,0.0,1.0
1159,AAPL,2020-01-02 00:00:00+00:00,300.6,295.19,296.24,33911864,298.8389392571,299.0876815072,293.7048992152,294.7496166656,33911864,0.0,1.0
795,AAPL,2018-07-23 00:00:00+00:00,191.96,189.56,190.68,15989365,186.5039197318,186.8445928277,184.5085487415,185.5987026484,15989365,0.0,1.0
645,AAPL,2017-12-14 00:00:00+00:00,173.13,171.65,172.4,20219307,166.3143688116,167.1931638158,165.763914798,166.4881963948,20219307,0.0,1.0
1012,AAPL,2019-06-04 00:00:00+00:00,179.83,174.52,175.44,30967961,177.52719074360002,177.71495608669997,172.46740886540002,173.3765884216,30967961,0.0,1.0
556,AAPL,2017-08-09 00:00:00+00:00,161.27,159.11,159.26,25640394,154.3520097884,154.5532634955,152.4832253659,152.6269780138,25640394,0.0,1.0
681,AAPL,2018-02-07 00:00:00+00:00,163.4,159.0685,163.085,50852130,154.0691812809,157.7968172327,153.61384958370002,157.492618962,50852130,0.0,1.0
577,AAPL,2017-09-08 00:00:00+00:00,161.15,158.53,160.86,28183159,152.6398446718,155.06468492,152.5436208524,154.78563584379998,28183159,0.0,1.0
1109,AAPL,2019-10-21 00:00:00+00:00,240.99,237.32,237.52,21811567,238.5918428707,239.0680146913,235.4272843128,235.6256892381,21811567,0.0,1.0
524,AAPL,2017-06-23 00:00:00+00:00,147.16,145.11,145.13,25997976,140.1875822169,141.0309310845,139.0663115634,139.08547858309998,25997976,0.0,1.0
1059,AAPL,2019-08-09 00:00:00+00:00,202.76,199.29,201.3,24619746,199.3870296394,201.142913228,197.7005877747,199.6945572736,24619746,0.77,1.0
540,AAPL,2017-07-18 00:00:00+00:00,150.13,148.67,149.2,17713795,143.8293159633,143.8772335126,142.4780410732,142.9859670957,17713795,0.0,1.0
748,AAPL,2018-05-15 00:00:00+00:00,187.07,185.1,186.78,23695159,181.4716914295,182.0849030021,180.167400148,181.8026310083,23695159,0.0,1.0
1168,AAPL,2020-01-15 00:00:00+00:00,315.5,309.55,311.85,30480882,309.773648571,313.9127196125,307.9926540603,310.2810827612,30480882,0.0,1.0
484,AAPL,2017-04-27 00:00:00+00:00,144.16,143.31,143.9225,13948980,137.2396709014,137.592815614,136.7815372201,137.3661348863,13948980,0.0,1.0
95,AAPL,2015-10-09 00:00:00+00:00,112.28,109.49,110.0,52766140,103.7878677564,103.9359774499,101.3533146686,101.8254143168,52766140,0.0,1.0
1020,AAPL,2019-06-14 00:00:00+00:00,193.5863,190.3,191.545,18761474,190.4731170336,191.3094634015,188.0618147323,189.2921718492,18761474,0.0,1.0
563,AAPL,2017-08-18 00:00:00+00:00,159.5,156.72,157.86,27012525,151.5525155128,153.4769919003,150.8019697217,151.8989212626,27012525,0.0,1.0
742,AAPL,2018-05-07 00:00:00+00:00,187.67,184.75,185.18,42451423,179.53086761970002,181.9645599816,179.133332214,179.5502595907,42451423,0.0,1.0
863,AAPL,2018-10-26 00:00:00+00:00,220.19,212.67,215.9,47258375,211.2765469711,215.0762037798,207.7308518,210.8858367594,47258375,0.0,1.0
891,AAPL,2018-12-07 00:00:00+00:00,174.49,168.3,173.49,42281631,165.15315307219998,171.034326545,164.9669159122,170.0541309662,42281631,0.0,1.0
1038,AAPL,2019-07-11 00:00:00+00:00,204.39,201.71,203.31,20191842,199.377147253,201.9860972839,199.337617707,200.918799544,20191842,0.0,1.0
206,AAPL,2016-03-21 00:00:00+00:00,107.65,105.1401,105.93,35502678,98.9909828169,100.6173099824,98.2713797797,99.0096762326,35502678,0.0,1.0
392,AAPL,2016-12-13 00:00:00+00:00,115.92,113.75,113.84,43733811,109.4713213177,110.1650800169,108.1028110069,108.1883429014,43733811,0.0,1.0
794,AAPL,2018-07-20 00:00:00+00:00,192.43,190.17,191.78,20706042,186.3384499424,187.3020681279,185.1022932801,186.6693895213,20706042,0.0,1.0
870,AAPL,2018-11-06 00:00:00+00:00,204.72,201.69,201.92,31882881,199.0375495899,199.9654863427,197.0058564891,197.2305148609,31882881,0.0,1.0
397,AAPL,2016-12-20 00:00:00+00:00,117.5,116.68,116.74,21424965,111.1439450309,111.6666399412,110.8873493476,110.9443706106,21424965,0.0,1.0
766,AAPL,2018-06-11 00:00:00+00:00,191.97,190.21,191.35,18308460,186.1340460848,186.8543263447,185.1412273482,186.2508482891,18308460,0.0,1.0
1171,AAPL,2020-01-21 00:00:00+00:00,319.02,316.0,317.19,27235039,314.9773364429,317.4150104937,314.4102041126,315.59421722310003,27235039,0.0,1.0
1028,AAPL,2019-06-26 00:00:00+00:00,200.99,197.35,197.77,26067512,197.4500818892,198.6260858804,195.0288972013,195.4439574335,26067512,0.0,1.0
642,AAPL,2017-12-11 00:00:00+00:00,172.89,168.79,169.2,33092051,166.7489377697,166.9613937048,163.00198764200002,163.3979282483,33092051,0.0,1.0
612,AAPL,2017-10-27 00:00:00+00:00,163.6,158.7,159.29,43904150,156.8929374881,157.4221684946,152.7072013453,153.2749218796,43904150,0.0,1.0
960,AAPL,2019-03-20 00:00:00+00:00,189.49,184.73,186.23,31035231,185.2236742113,186.5329189323,181.8472009835,183.32379277400003,31035231,0.0,1.0
725,AAPL,2018-04-12 00:00:00+00:00,175.0,173.04,173.41,22889285,168.8458915927,169.67974634610002,167.77933318709998,168.1380846508,22889285,0.0,1.0
683,AAPL,2018-02-09 00:00:00+00:00,157.89,150.24,157.07,66723743,151.6549092914,153.0899151462,145.6724862345,152.2948443348,66723743,0.63,1.0
98,AAPL,2015-10-14 00:00:00+00:00,111.52,109.56,111.29,44462449,102.0198082896,103.2324564056,101.41811265959998,103.0195487211,44462449,0.0,1.0
804,AAPL,2018-08-03 00:00:00+00:00,208.74,205.4803,207.03,33447396,202.4474206201,203.177434397,200.0045998521,201.5130029856,33447396,0.0,1.0
406,AAPL,2017-01-04 00:00:00+00:00,116.51,115.75,115.85,21118116,110.2601154552,110.7257891026,110.0035197719,110.0985552101,21118116,0.0,1.0
502,AAPL,2017-05-23 00:00:00+00:00,154.9,153.31,154.9,19430358,147.3943816308,148.44856771530002,146.9247896477,148.44856771530002,19430358,0.0,1.0
1071,AAPL,2019-08-27 00:00:00+00:00,208.55,203.53,207.86,25897344,202.5317477048,206.8867358142,201.9067721902,206.2022388221,25897344,0.0,1.0
1056,AAPL,2019-08-06 00:00:00+00:00,198.067,194.04,196.31,35824787,194.6830136745,195.737464312,191.7578272762,194.0011290073,35824787,0.0,1.0
929,AAPL,2019-02-04 00:00:00+00:00,171.655,167.28,167.41,31495582,167.8584928697,168.2554720791,163.9671164218,164.0945418471,31495582,0.0,1.0
779,AAPL,2018-06-28 00:00:00+00:00,186.21,183.8,184.1,17365235,180.556740829,181.2478205379,178.9020429346,179.1940484454,17365235,0.0,1.0
200,AAPL,2016-03-11 00:00:00+00:00,102.28,101.5,102.24,27408237,95.5794344524,95.5981278681,94.869084656,95.5607410367,27408237,0.0,1.0
134,AAPL,2015-12-04 00:00:00+00:00,119.25,115.11,115.29,57776977,110.6581879673,110.8627145686,107.0138957987,107.1812357452,57776977,0.0,1.0
1051,AAPL,2019-07-30 00:00:00+00:00,210.16,207.31,208.76,33935718,206.3244649491,207.6882342834,204.8717541364,206.3047001761,33935718,0.0,1.0
40,AAPL,2015-07-23 00:00:00+00:00,127.09,125.06,126.2,50999452,115.3378689132,117.1164090778,115.2457165731,116.2962532506,50999452,0.0,1.0
1017,AAPL,2019-06-11 00:00:00+00:00,196.0,193.6,194.86,26932882,192.5187710352,193.6947750264,191.323002271,192.5681829676,26932882,0.0,1.0
230,AAPL,2016-04-25 00:00:00+00:00,105.65,104.51,105.0,28031588,98.2152060655,98.7479684129,97.6824437182,98.1404324028,28031588,0.0,1.0
378,AAPL,2016-11-22 00:00:00+00:00,112.42,111.4,111.95,25965534,106.2496199611,106.8388396782,105.8694782081,106.3921731185,25965534,0.0,1.0
288,AAPL,2016-07-18 00:00:00+00:00,100.13,98.6,98.7,36493867,93.8786012744,94.1607166744,92.7219281344,92.815966601,36493867,0.0,1.0
418,AAPL,2017-01-23 00:00:00+00:00,120.81,119.77,120.0,22050218,114.118554248,114.8123129472,113.8239443895,114.0425258974,22050218,0.0,1.0
391,AAPL,2016-12-12 00:00:00+00:00,115.0,112.49,113.29,26374377,107.6751515348,109.290753985,106.905364485,107.665647991,26374377,0.0,1.0
592,AAPL,2017-09-29 00:00:00+00:00,154.13,152.0,153.21,25856530,148.300150418,148.30977280000002,146.2602054473,147.4245136617,25856530,0.0,1.0
1162,AAPL,2020-01-07 00:00:00+00:00,300.9,297.48,299.84,27877655,296.8888000164,299.3861722073,295.983378226,298.3315050669,27877655,0.0,1.0
1086,AAPL,2019-09-18 00:00:00+00:00,222.85,219.44,221.06,25643093,220.9933260002,221.0726879703,217.6898839946,219.2969638892,25643093,0.0,1.0
647,AAPL,2017-12-18 00:00:00+00:00,177.2,174.86,174.88,28831533,170.37034575389998,171.12359861459998,168.8638400325,168.8831542084,28831533,0.0,1.0
1152,AAPL,2019-12-20 00:00:00+00:00,282.65,278.56,282.23,69032743,278.0341374596,281.2279879508,277.1585647393,280.8101009706,69032743,0.0,1.0
520,AAPL,2017-06-19 00:00:00+00:00,146.74,143.66,143.66,31449132,140.245083276,140.6284236704,137.6767026338,137.6767026338,31449132,0.0,1.0
64,AAPL,2015-08-26 00:00:00+00:00,109.89,105.05,107.085,96774611,101.5384517856,101.7235889025,97.2432706726,99.1270408374,96774611,0.0,1.0
14,AAPL,2015-06-16 00:00:00+00:00,127.85,126.37,127.03,31494131,117.5863860125,117.8167668628,116.4529122288,117.0611176737,31494131,0.0,1.0
1064,AAPL,2019-08-16 00:00:00+00:00,207.16,203.84,204.28,28813624,204.8530853303,205.5078215837,202.2142998244,202.65079066,28813624,0.0,1.0
492,AAPL,2017-05-09 00:00:00+00:00,154.88,153.45,153.87,35942435,146.9750116288,147.8244678295,146.45961123729998,146.8604782085,35942435,0.0,1.0
379,AAPL,2016-11-23 00:00:00+00:00,111.51,110.33,111.36,27426394,105.7079179631,105.9740171902,104.8525990189,105.8314640328,27426394,0.0,1.0
187,AAPL,2016-02-23 00:00:00+00:00,96.5,94.55,96.4,31942633,88.5039766116,90.1957307321,88.3731227017,90.1022636536,31942633,0.0,1.0
763,AAPL,2018-06-06 00:00:00+00:00,194.08,191.92,193.63,20933619,188.8107632669,188.9080984372,186.8056587596,188.470090171,20933619,0.0,1.0
216,AAPL,2016-04-05 00:00:00+00:00,110.73,109.42,109.51,26578652,102.6361988776,103.4960959996,102.2716772715,102.3557976421,26578652,0.0,1.0
791,AAPL,2018-07-17 00:00:00+00:00,191.87,189.2,189.75,15534523,186.3481834594,186.7569911745,184.1581421286,184.693485565,15534523,0.0,1.0
1076,AAPL,2019-09-04 00:00:00+00:00,209.48,207.32,208.39,19216820,207.5216315751,207.8093187167,205.6665455239,206.728011874,19216820,0.0,1.0
878,AAPL,2018-11-16 00:00:00+00:00,194.9695,189.46,190.5,36928253,189.6972503653,191.108241901,185.7078543596,186.7272577616,36928253,0.0,1.0
337,AAPL,2016-09-26 00:00:00+00:00,113.39,111.55,111.64,29869442,106.7221320281,107.2043103355,105.4646866383,105.5497769279,29869442,0.0,1.0
719,AAPL,2018-04-04 00:00:00+00:00,172.01,164.77,164.88,34605489,166.3928072598,166.78064668,159.760753174,159.8674090146,34605489,0.0,1.0
295,AAPL,2016-07-27 00:00:00+00:00,104.35,102.75,104.265,92344820,96.8126014344,98.1291399678,96.6245245011,98.0492072711,92344820,0.0,1.0
1016,AAPL,2019-06-10 00:00:00+00:00,195.37,191.62,191.81,26220851,190.3149988499,193.0721846781,189.3662897478,189.5540550909,26220851,0.0,1.0
455,AAPL,2017-03-16 00:00:00+00:00,141.02,140.26,140.72,19231998,134.2808908764,134.5958577823,133.8704794536,134.3095242315,19231998,0.0,1.0
815,AAPL,2018-08-20 00:00:00+00:00,219.18,215.11,218.1,30287695,210.4560555266,214.0896604953,210.1141840913,213.0347429237,30287695,0.0,1.0
269,AAPL,2016-06-20 00:00:00+00:00,96.57,95.03,96.0,34411901,89.430581801,90.812947261,89.3647548743,90.276928001,34411901,0.0,1.0
995,AAPL,2019-05-09 00:00:00+00:00,201.68,196.66,200.4,34908607,197.5876694711,198.5326882171,193.5910276913,197.2726632225,34908607,0.0,1.0
201,AAPL,2016-03-14 00:00:00+00:00,102.91,101.78,101.91,25076062,95.8224488565,96.1869704625,95.1307924757,95.2522996778,25076062,0.0,1.0
161,AAPL,2016-01-14 00:00:00+00:00,100.48,95.74,97.96,63170127,92.5203970974,93.4128768122,89.00625822059999,91.070117561,63170127,0.0,1.0
729,AAPL,2018-04-18 00:00:00+00:00,178.82,176.88,177.81,20754538,172.4334062297,173.38361280919997,171.5025916212,172.4043182732,20754538,0.0,1.0
401,AAPL,2016-12-27 00:00:00+00:00,117.8,116.49,116.52,18296855,111.4385548894,111.951746256,110.7067820149,110.7352926464,18296855,0.0,1.0
702,AAPL,2018-03-09 00:00:00+00:00,180.0,177.39,177.96,31385134,174.5083471279,174.5277390989,171.99708688200002,172.54975805580003,31385134,0.0,1.0
1129,AAPL,2019-11-18 00:00:00+00:00,267.43,264.23,265.8,21700897,265.7562199952,266.0845597653,262.9006589642,264.4627602948,21700897,0.0,1.0
565,AAPL,2017-08-22 00:00:00+00:00,160.0,158.02,158.23,21297812,153.7464185945,153.95811099719998,152.0528793736,152.2549493943,21297812,0.0,1.0
1021,AAPL,2019-06-17 00:00:00+00:00,194.96,192.17,192.9,14669144,191.6095914789,192.6670068324,189.9098210042,190.6312352173,14669144,0.0,1.0
1025,AAPL,2019-06-21 00:00:00+00:00,200.85,198.15,198.8,47800589,196.4420784681,198.4877324697,195.8194881198,196.4618432411,47800589,0.0,1.0
1104,AAPL,2019-10-14 00:00:00+00:00,238.1342,234.6701,234.9,24413484,233.9888486047,236.2349907635,232.7985182556,233.0265847172,24413484,0.0,1.0
205,AAPL,2016-03-18 00:00:00+00:00,106.5,105.19,106.34,44205171,99.0003295248,99.5424385799,98.3180198519,99.3928912544,44205171,0.0,1.0
34,AAPL,2015-07-15 00:00:00+00:00,127.15,125.58,125.72,33649200,116.8675977594,117.1717004819,115.7249087418,115.8539220179,33649200,0.0,1.0
775,AAPL,2018-06-22 00:00:00+00:00,186.15,184.7,186.12,27200447,179.9921968415,181.1894194357,179.77805946700002,181.1602188846,27200447,0.0,1.0
508,AAPL,2017-06-01 00:00:00+00:00,153.33,152.22,153.17,16180143,146.8002040196,146.9439566675,145.8801870731,146.7906205097,16180143,0.0,1.0
1239,AAPL,2020-04-28 00:00:00+00:00,285.83,278.2,285.08,28001187,277.8453622769,285.0762434475,277.4663643673,284.3282212574,28001187,0.0,1.0
91,AAPL,2015-10-05 00:00:00+00:00,111.3698,109.07,109.88,52064743,102.5474490729,103.0934184308,100.9645267231,101.7143320467,52064743,0.0,1.0
897,AAPL,2018-12-17 00:00:00+00:00,168.35,162.73,165.45,44287922,160.6932631886,165.0159256911,159.5072265383,162.1733585126,44287922,0.0,1.0
564,AAPL,2017-08-21 00:00:00+00:00,157.89,155.1101,157.5,26145653,151.2734664367,151.9277884084,149.25286245360002,151.5525155128,26145653,0.0,1.0
776,AAPL,2018-06-25 00:00:00+00:00,184.92,180.73,183.4,31663096,177.31547965939998,179.9921968415,175.9138532077,178.5127022536,31663096,0.0,1.0
241,AAPL,2016-05-10 00:00:00+00:00,93.57,92.11,93.33,33686836,87.85073556100001,87.991793261,86.6188316476,87.766100941,33686836,0.0,1.0
13,AAPL,2015-06-15 00:00:00+00:00,127.24,125.71,126.1,43988946,116.9597500996,117.254637588,115.8447067839,116.2041009105,43988946,0.0,1.0
315,AAPL,2016-08-24 00:00:00+00:00,108.75,107.68,108.565,23675081,102.1367108699,102.8174331862,101.8058041884,102.6425253688,23675081,0.0,1.0
600,AAPL,2017-10-11 00:00:00+00:00,156.98,155.75,155.97,16607693,150.63838922879998,151.05215165209998,149.8685986738,150.0802910764,16607693,0.0,1.0
387,AAPL,2016-12-06 00:00:00+00:00,110.36,109.19,109.5,26195462,104.4914643535,104.8811096503,103.7691950228,104.0638048814,26195462,0.0,1.0
166,AAPL,2016-01-22 00:00:00+00:00,101.46,98.37,98.63,65800467,94.2867631996,94.3239498544,91.4512807725,91.6929940286,65800467,0.0,1.0
840,AAPL,2018-09-25 00:00:00+00:00,222.82,219.7,219.75,24554379,217.0297548382,217.6451234216,214.5975837705,214.6464225469,24554379,0.0,1.0
20,AAPL,2015-06-24 00:00:00+00:00,129.8,127.12,127.21,55280855,118.0563629472,119.6137374955,117.1440547798,117.226991886,55280855,0.0,1.0
646,AAPL,2017-12-15 00:00:00+00:00,174.17,172.46,173.63,37054632,168.0043592042,168.1975009634,166.5461389226,167.6760182136,37054632,0.0,1.0
1154,AAPL,2019-12-24 00:00:00+00:00,284.89,282.9197,284.69,12119714,282.8398377313,283.4567185116,281.4963310902,283.25772471150003,12119714,0.0,1.0
831,AAPL,2018-09-12 00:00:00+00:00,225.0,219.84,224.94,49278740,215.9357662455,219.7744940753,214.7343323446,219.7158875436,49278740,0.0,1.0
562,AAPL,2017-08-17 00:00:00+00:00,160.71,157.84,160.52,26925694,151.8989212626,154.6413001147,151.8796764987,154.4584748579,26925694,0.0,1.0
1225,AAPL,2020-04-07 00:00:00+00:00,271.7,259.0,270.8,50721831,258.7458623573,270.9835053867,258.3169963017,270.0858787586,50721831,0.0,1.0
686,AAPL,2018-02-14 00:00:00+00:00,167.54,162.88,163.045,39669178,162.28170940549998,162.446541159,157.9282119135,158.0881956743,39669178,0.0,1.0
957,AAPL,2019-03-15 00:00:00+00:00,187.33,183.74,184.85,39042912,183.2155093761,184.4066267538,180.8726504017,181.9653283267,39042912,0.0,1.0
189,AAPL,2016-02-25 00:00:00+00:00,96.76,95.25,96.05,27582659,90.4387451361,90.4387451361,89.02739225110001,89.77512887889999,27582659,0.0,1.0
975,AAPL,2019-04-10 00:00:00+00:00,200.74,198.18,198.68,21695288,197.4892300184,197.6073573617,195.0873073724,195.5795046359,21695288,0.0,1.0
699,AAPL,2018-03-06 00:00:00+00:00,178.25,176.13,177.91,23788506,171.2989759256,172.8309416354,170.7753927083,172.5012781282,23788506,0.0,1.0
510,AAPL,2017-06-05 00:00:00+00:00,154.45,153.46,154.34,24803858,147.518967259,148.0173097717,147.0685422956,147.9118911632,24803858,0.0,1.0
1082,AAPL,2019-09-12 00:00:00+00:00,226.42,222.86,224.8,32226669,221.3058137575,224.6142158862,221.0826082166,223.0071359916,32226669,0.0,1.0
474,AAPL,2017-04-12 00:00:00+00:00,142.15,141.01,141.6,20350000,135.3403250144,135.67438082360002,134.5863133306,135.1494359805,20350000,0.0,1.0
856,AAPL,2018-10-17 00:00:00+00:00,222.64,219.34,222.3,22885397,216.052979309,217.4693038264,214.24594457990003,217.1372001464,22885397,0.0,1.0
747,AAPL,2018-05-14 00:00:00+00:00,189.53,187.86,189.01,20778772,183.1361228409,184.4793481904,182.8538508471,183.9732053051,20778772,0.0,1.0
252,AAPL,2016-05-25 00:00:00+00:00,99.74,98.11,98.67,38642108,93.6811204944,93.7939666544,92.2611396477,92.787755061,38642108,0.0,1.0
21,AAPL,2015-06-25 00:00:00+00:00,129.2,127.5,128.86,31938100,117.4942336724,119.0608234547,117.4942336724,118.7475054982,31938100,0.0,1.0
459,AAPL,2017-03-22 00:00:00+00:00,141.6,139.76,139.845,25860165,134.97763585,135.1494359805,133.39325686889998,133.4743847083,25860165,0.0,1.0
1184,AAPL,2020-02-07 00:00:00+00:00,323.4,318.0,322.37,29421012,319.1860553144,322.547168355,317.1614085866,321.5198845474,29421012,0.77,1.0
276,AAPL,2016-06-29 00:00:00+00:00,94.55,93.63,93.97,36531006,88.7723125343,88.9133702343,88.048216341,88.3679471276,36531006,0.0,1.0
955,AAPL,2019-03-13 00:00:00+00:00,183.3,180.92,182.25,31032524,178.87432951169998,180.4395168098,178.0966578354,179.4059025564,31032524,0.0,1.0
1215,AAPL,2020-03-24 00:00:00+00:00,247.69,234.3,236.36,71882773,246.2289577102,247.0368216755,233.6821321756,235.736699791,71882773,0.0,1.0
385,AAPL,2016-12-02 00:00:00+00:00,110.09,108.85,109.17,26527997,104.4439466344,104.6245139671,103.4460745328,103.7501879352,26527997,0.0,1.0
805,AAPL,2018-08-06 00:00:00+00:00,209.25,207.07,208.0,25425387,203.4986404589,203.6738437654,201.5519370537,202.4571541371,25425387,0.0,1.0
343,AAPL,2016-10-04 00:00:00+00:00,114.31,112.63,113.06,29736835,106.8355857475,108.074122184,106.4857701127,106.8923126072,29736835,0.0,1.0
769,AAPL,2018-06-14 00:00:00+00:00,191.57,190.22,191.55,21610074,185.7155048527,186.4649856637,185.1509608652,186.4455186297,21610074,0.0,1.0
130,AAPL,2015-11-30 00:00:00+00:00,119.41,117.75,117.99,39180322,109.9795315176,111.0114611878,109.4682150143,109.691334943,39180322,0.0,1.0
871,AAPL,2018-11-07 00:00:00+00:00,210.06,204.13,205.97,33424434,205.0740223605,205.1814676687,199.3891887804,201.1864557542,33424434,0.0,1.0
1123,AAPL,2019-11-08 00:00:00+00:00,260.44,256.85,258.69,17520495,258.8312357527,259.1297264528,255.5577877416,257.3885307022,17520495,0.0,1.0
87,AAPL,2015-09-29 00:00:00+00:00,113.51,107.86,112.83,73365384,100.9552698672,105.0745707191,99.8444471656,104.4451045215,73365384,0.0,1.0
330,AAPL,2016-09-15 00:00:00+00:00,115.73,113.49,113.86,90613177,109.2653862375,109.4166578633,107.2988551016,107.6486707364,90613177,0.0,1.0
1238,AAPL,2020-04-27 00:00:00+00:00,284.54,279.95,281.8,29271893,282.4232580801,283.78964528060004,279.2117494774,281.0568708796,29271893,0.0,1.0
466,AAPL,2017-03-31 00:00:00+00:00,144.27,143.01,143.72,19661651,137.1155930294,137.6978045827,136.4952036693,137.1728597395,19661651,0.0,1.0
121,AAPL,2015-11-16 00:00:00+00:00,114.24,111.0,111.38,38106701,106.1446577432,106.2050860572,103.1929670199,103.5462402403,38106701,0.0,1.0
1044,AAPL,2019-07-19 00:00:00+00:00,206.5,202.36,205.79,20929307,200.2072677174,204.0712808314,199.9799728283,203.3696313913,20929307,0.0,1.0
1095,AAPL,2019-10-01 00:00:00+00:00,228.22,224.2,225.07,36187163,222.79881082,226.3998602135,222.4119212158,223.2749826407,36187163,0.0,1.0
1130,AAPL,2019-11-19 00:00:00+00:00,268.0,265.3926,267.9,19069597,264.9502951049,266.6516920955,264.057409924,266.5521951955,19069597,0.0,1.0
860,AAPL,2018-10-23 00:00:00+00:00,223.25,214.7,215.83,38767846,217.557213624,218.0651368992,209.7137061243,210.8174624724,38767846,0.0,1.0
1126,AAPL,2019-11-13 00:00:00+00:00,264.78,261.07,261.13,25817593,263.1394515243,263.4478919144,259.7565569231,259.8162550631,25817593,0.0,1.0
